FULL_CODE,PAR_CODE,PAR_NAME,DUN_CODE,DUN_NAME,DM_CODE,DM_NAME,POPULATION
041/01/01,041,KEPALA BATAS,01,PENAGA,01,KUALA MUDA,2255
041/01/02,041,KEPALA BATAS,01,PENAGA,02,PULAU MERTAJAM,3018
041/01/03,041,KEPALA BATAS,01,PENAGA,03,PASIR GEBU,1329
041/01/04,041,KEPALA BATAS,01,PENAGA,04,PENAGA,3453
041/01/05,041,KEPALA BATAS,01,PENAGA,05,KOTA AUR,2142
041/01/06,041,KEPALA BATAS,01,PENAGA,06,PERMATANG JANGGUS,1664
041/01/07,041,KEPALA BATAS,01,PENAGA,07,GUAR KEPAH,914
041/01/08,041,KEPALA BATAS,01,PENAGA,08,PERMATANG TIGA RINGGIT,1128
041/01/09,041,KEPALA BATAS,01,PENAGA,09,LAHAR KEPAR,1230
041/02/01,041,KEPALA BATAS,02,BERTAM,01,PADANG BENGGALI,752
041/02/02,041,KEPALA BATAS,02,BERTAM,02,PERMATANG BERAH,1421
041/02/03,041,KEPALA BATAS,02,BERTAM,03,PERMATANG RAMBAI,1804
041/02/04,041,KEPALA BATAS,02,BERTAM,04,PERMATANG SINTOK,979
041/02/05,041,KEPALA BATAS,02,BERTAM,05,PERMATANG PAK ELONG,588
041/02/06,041,KEPALA BATAS,02,BERTAM,06,PERMATANG BERTAM,2182
041/02/07,041,KEPALA BATAS,02,BERTAM,07,KEPALA BATAS,886
041/02/08,041,KEPALA BATAS,02,BERTAM,08,JALAN KEDAH,3527
041/02/09,041,KEPALA BATAS,02,BERTAM,09,PONGSU SERIBU,4482
041/03/01,041,KEPALA BATAS,03,PINANG TUNGGAL,01,BUMBUNG LIMA,1674
041/03/02,041,KEPALA BATAS,03,PINANG TUNGGAL,02,PAYA KELADI,3626
041/03/03,041,KEPALA BATAS,03,PINANG TUNGGAL,03,BERTAM INDAH,1614
041/03/04,041,KEPALA BATAS,03,PINANG TUNGGAL,04,LADANG MALAKOFF,263
041/03/05,041,KEPALA BATAS,03,PINANG TUNGGAL,05,KAMPONG TO`BEDU,2115
041/03/06,041,KEPALA BATAS,03,PINANG TUNGGAL,06,PERMATANG LANGSAT,1273
041/03/07,041,KEPALA BATAS,03,PINANG TUNGGAL,07,PINANG TUNGGAL,2687
041/03/08,041,KEPALA BATAS,03,PINANG TUNGGAL,08,KAMPONG BAHARU,874
041/03/09,041,KEPALA BATAS,03,PINANG TUNGGAL,09,KAMPONG SELAMAT UTARA,2432
041/03/10,041,KEPALA BATAS,03,PINANG TUNGGAL,10,KUBANG MENERONG,995
041/03/11,041,KEPALA BATAS,03,PINANG TUNGGAL,11,KAMPONG SELAMAT SELATAN,1887
042/04/01,042,TASEK GELUGOR,04,PERMATANG BERANGAN,01,ARA RENDANG,2556
042/04/02,042,TASEK GELUGOR,04,PERMATANG BERANGAN,02,POKOK MACHANG,1998
042/04/03,042,TASEK GELUGOR,04,PERMATANG BERANGAN,03,POKOK TAMPANG,2128
042/04/04,042,TASEK GELUGOR,04,PERMATANG BERANGAN,04,PERMATANG BERANGAN,1180
042/04/05,042,TASEK GELUGOR,04,PERMATANG BERANGAN,05,SIMPANG TIGA,2472
042/04/06,042,TASEK GELUGOR,04,PERMATANG BERANGAN,06,TASEK GELUGOR,2344
042/04/07,042,TASEK GELUGOR,04,PERMATANG BERANGAN,07,JARAK,2016
042/04/08,042,TASEK GELUGOR,04,PERMATANG BERANGAN,08,PADANG CHEMPEDAK,1786
042/04/09,042,TASEK GELUGOR,04,PERMATANG BERANGAN,09,ARA KUDA,608
042/04/10,042,TASEK GELUGOR,04,PERMATANG BERANGAN,10,PERMATANG KERAI,1683
042/05/01,042,TASEK GELUGOR,05,SUNGAI DUA,01,PAJAK SONG,2119
042/05/02,042,TASEK GELUGOR,05,SUNGAI DUA,02,SIMPANG AMPAT,2249
042/05/03,042,TASEK GELUGOR,05,SUNGAI DUA,03,PERMATANG TO`JAYA,1728
042/05/04,042,TASEK GELUGOR,05,SUNGAI DUA,04,ALOR MERAH,1073
042/05/05,042,TASEK GELUGOR,05,SUNGAI DUA,05,KAMPONG TELOK,1683
042/05/06,042,TASEK GELUGOR,05,SUNGAI DUA,06,TAMAN DESA MURNI,2823
042/05/07,042,TASEK GELUGOR,05,SUNGAI DUA,07,SUNGAI DUA,2616
042/05/08,042,TASEK GELUGOR,05,SUNGAI DUA,08,KAMPONG SETOL,1807
042/05/09,042,TASEK GELUGOR,05,SUNGAI DUA,09,LAHAR YOOI,2263
042/06/01,042,TASEK GELUGOR,06,TELOK AYER TAWAR,01,TELOK AYER TAWAR,3544
042/06/02,042,TASEK GELUGOR,06,TELOK AYER TAWAR,02,PERMATANG BINJAI,1450
042/06/03,042,TASEK GELUGOR,06,TELOK AYER TAWAR,03,PEKAN DARAT,1299
042/06/04,042,TASEK GELUGOR,06,TELOK AYER TAWAR,04,TAMAN SENANGAN,1975
042/06/05,042,TASEK GELUGOR,06,TELOK AYER TAWAR,05,MATA KUCHING,3003
042/06/06,042,TASEK GELUGOR,06,TELOK AYER TAWAR,06,JALAN MASJID,4603
042/06/07,042,TASEK GELUGOR,06,TELOK AYER TAWAR,07,TAMAN WIRA,1265
042/06/08,042,TASEK GELUGOR,06,TELOK AYER TAWAR,08,TAMAN PERKASA,793
043/07/01,043,BAGAN,07,SUNGAI PUYU,01,BAGAN AJAM,2564
043/07/02,043,BAGAN,07,SUNGAI PUYU,02,PERMATANG TENGAH,3441
043/07/03,043,BAGAN,07,SUNGAI PUYU,03,SUNGAI PUYU,1810
043/07/04,043,BAGAN,07,SUNGAI PUYU,04,KAMPONG BAHRU,3731
043/07/05,043,BAGAN,07,SUNGAI PUYU,05,BAGAN LALANG,3631
043/07/06,043,BAGAN,07,SUNGAI PUYU,06,TAMAN MERBAU,3338
043/07/07,043,BAGAN,07,SUNGAI PUYU,07,TAMAN DEDAP,4665
043/07/08,043,BAGAN,07,SUNGAI PUYU,08,TAMAN BUNGA TANJUNG,2935
043/08/01,043,BAGAN,08,BAGAN JERMAL,01,BAGAN JERMAL,2050
043/08/02,043,BAGAN,08,BAGAN JERMAL,02,KUBANG BUAYA,4309
043/08/03,043,BAGAN,08,BAGAN JERMAL,03,KAMPONG GAJAH,2315
043/08/04,043,BAGAN,08,BAGAN JERMAL,04,JALAN MENGKUANG,2613
043/08/05,043,BAGAN,08,BAGAN JERMAL,05,KAMPONG SIMPA,3363
043/08/06,043,BAGAN,08,BAGAN JERMAL,06,MAK MANDIN,3913
043/08/07,043,BAGAN,08,BAGAN JERMAL,07,TAMAN SUKARIA,2638
043/08/08,043,BAGAN,08,BAGAN JERMAL,08,TAMAN MELOR,2171
043/08/09,043,BAGAN,08,BAGAN JERMAL,09,TAMAN CANTIK,1488
043/09/01,043,BAGAN,09,BAGAN DALAM,01,BAGAN LUAR,1632
043/09/02,043,BAGAN,09,BAGAN DALAM,02,TELAGA AYER,3120
043/09/03,043,BAGAN,09,BAGAN DALAM,03,TAMAN BAGAN,3472
043/09/04,043,BAGAN,09,BAGAN DALAM,04,KAMPONG ACHAM,2217
043/09/05,043,BAGAN,09,BAGAN DALAM,05,SEKOLAH ST. MARKS,2020
043/09/06,043,BAGAN,09,BAGAN DALAM,06,BAGAN DALAM,3531
043/09/07,043,BAGAN,09,BAGAN DALAM,07,JALAN ASSUMPTION,2422
044/10/01,044,PERMATANG PAUH,10,SEBERANG JAYA,01,JALAN SEMBILANG,4144
044/10/02,044,PERMATANG PAUH,10,SEBERANG JAYA,02,SEBERANG JAYA II,3749
044/10/03,044,PERMATANG PAUH,10,SEBERANG JAYA,03,KAMPONG PERTAMA,1966
044/10/04,044,PERMATANG PAUH,10,SEBERANG JAYA,04,KAMPONG BELAH DUA,2931
044/10/05,044,PERMATANG PAUH,10,SEBERANG JAYA,05,SEBERANG JAYA I,3627
044/10/06,044,PERMATANG PAUH,10,SEBERANG JAYA,06,JALAN BAHRU,3949
044/10/07,044,PERMATANG PAUH,10,SEBERANG JAYA,07,SIMPANG AMPAT,4183
044/10/08,044,PERMATANG PAUH,10,SEBERANG JAYA,08,JALAN TUNA,3564
044/10/09,044,PERMATANG PAUH,10,SEBERANG JAYA,09,TAMAN TUN HUSSEIN ONN,3140
044/11/01,044,PERMATANG PAUH,11,PERMATANG PASIR,01,SAMA GAGAH,3069
044/11/02,044,PERMATANG PAUH,11,PERMATANG PASIR,02,PERMATANG ARA,3849
044/11/03,044,PERMATANG PAUH,11,PERMATANG PASIR,03,PERMATANG PAUH,1862
044/11/04,044,PERMATANG PAUH,11,PERMATANG PASIR,04,BUKIT INDRA MUDA,3250
044/11/05,044,PERMATANG PAUH,11,PERMATANG PASIR,05,KAMPONG PELET,2123
044/11/06,044,PERMATANG PAUH,11,PERMATANG PASIR,06,KUBANG SEMANG,1629
044/11/07,044,PERMATANG PAUH,11,PERMATANG PASIR,07,TANAH LIAT MUKIM 8,3254
044/11/08,044,PERMATANG PAUH,11,PERMATANG PASIR,08,KAMPONG CROSS STREET 2,1434
044/11/09,044,PERMATANG PAUH,11,PERMATANG PASIR,09,PERMATANG TENGAH,3113
044/12/01,044,PERMATANG PAUH,12,PENANTI,01,GUAR PERAHU,2395
044/12/02,044,PERMATANG PAUH,12,PENANTI,02,KUALA MENGKUANG,4234
044/12/03,044,PERMATANG PAUH,12,PENANTI,03,TELOK WANG,692
044/12/04,044,PERMATANG PAUH,12,PENANTI,04,MENGKUANG,2524
044/12/05,044,PERMATANG PAUH,12,PENANTI,05,SUNGAI LEMBU,529
044/12/06,044,PERMATANG PAUH,12,PENANTI,06,PENANTI,1207
044/12/07,044,PERMATANG PAUH,12,PENANTI,07,KUBANG ULU,1651
044/12/08,044,PERMATANG PAUH,12,PENANTI,08,SUNGAI SEMAMBU,2188
044/12/09,044,PERMATANG PAUH,12,PENANTI,09,TANAH LIAT MUKIM 9,2352
044/12/10,044,PERMATANG PAUH,12,PENANTI,10,BERAPIT ROAD,1563
045/13/01,045,BUKIT MERTAJAM,13,BERAPIT,01,KAMPONG ASTON,3193
045/13/02,045,BUKIT MERTAJAM,13,BERAPIT,02,BUKIT NONING,3210
045/13/03,045,BUKIT MERTAJAM,13,BERAPIT,03,TAMAN BUKIT RIA,2260
045/13/04,045,BUKIT MERTAJAM,13,BERAPIT,04,KAMPONG BAHRU,1789
045/13/05,045,BUKIT MERTAJAM,13,BERAPIT,05,JALAN BERJAYA,1400
045/13/06,045,BUKIT MERTAJAM,13,BERAPIT,06,TAMAN ALMA,3401
045/13/07,045,BUKIT MERTAJAM,13,BERAPIT,07,MUTIARA INDAH,2386
045/13/08,045,BUKIT MERTAJAM,13,BERAPIT,08,TAMAN TENANG,5042
045/14/01,045,BUKIT MERTAJAM,14,MACHANG BUBUK,01,TO`KUN,2859
045/14/02,045,BUKIT MERTAJAM,14,MACHANG BUBUK,02,MACHANG BUBOK,3647
045/14/03,045,BUKIT MERTAJAM,14,MACHANG BUBUK,03,BUKIT TEH,1252
045/14/04,045,BUKIT MERTAJAM,14,MACHANG BUBUK,04,ALMA,1421
045/14/05,045,BUKIT MERTAJAM,14,MACHANG BUBUK,05,TAMAN SERI KIJANG,4113
045/14/06,045,BUKIT MERTAJAM,14,MACHANG BUBUK,06,BUKIT MINYAK,2147
045/14/07,045,BUKIT MERTAJAM,14,MACHANG BUBUK,07,PERMATANG TINGGI,3653
045/14/08,045,BUKIT MERTAJAM,14,MACHANG BUBUK,08,GAJAH MATI,1242
045/14/09,045,BUKIT MERTAJAM,14,MACHANG BUBUK,09,TAMAN JAMBU,2202
045/14/10,045,BUKIT MERTAJAM,14,MACHANG BUBUK,10,TAMAN SERI JANGGUS,5427
045/14/11,045,BUKIT MERTAJAM,14,MACHANG BUBUK,11,TAMAN ALMA JAYA,4226
045/15/01,045,BUKIT MERTAJAM,15,PADANG LALANG,01,KAMPONG CROSS STREET 1,2958
045/15/02,045,BUKIT MERTAJAM,15,PADANG LALANG,02,STATION ROAD,2143
045/15/03,045,BUKIT MERTAJAM,15,PADANG LALANG,03,HIGH SCHOOL,3870
045/15/04,045,BUKIT MERTAJAM,15,PADANG LALANG,04,BUKIT KECHIL,3506
045/15/05,045,BUKIT MERTAJAM,15,PADANG LALANG,05,DESA DAMAI,5517
045/15/06,045,BUKIT MERTAJAM,15,PADANG LALANG,06,TAMAN KEENWAYS,5092
045/15/07,045,BUKIT MERTAJAM,15,PADANG LALANG,07,TAMAN BINJAI,3075
046/16/01,046,BATU KAWAN,16,PERAI,01,TAMAN INDRAWASIH,4233
046/16/02,046,BATU KAWAN,16,PERAI,02,TAMAN CHAI LENG,3224
046/16/03,046,BATU KAWAN,16,PERAI,03,PERAI,2268
046/16/04,046,BATU KAWAN,16,PERAI,04,TAMAN PERAI,999
046/16/05,046,BATU KAWAN,16,PERAI,05,TAMAN SUPREME,2937
046/16/06,046,BATU KAWAN,16,PERAI,06,TAMAN KIMSAR,2403
046/17/01,046,BATU KAWAN,17,BUKIT TENGAH,01,KAMPONG JAWA,720
046/17/02,046,BATU KAWAN,17,BUKIT TENGAH,02,JALAN PENGKALAN,1686
046/17/03,046,BATU KAWAN,17,BUKIT TENGAH,03,KEBUN SIREH,2537
046/17/04,046,BATU KAWAN,17,BUKIT TENGAH,04,BUKIT TENGAH,2998
046/17/05,046,BATU KAWAN,17,BUKIT TENGAH,05,KUALA JURU,3465
046/17/06,046,BATU KAWAN,17,BUKIT TENGAH,06,JURU,3626
046/17/07,046,BATU KAWAN,17,BUKIT TENGAH,07,TAMAN PERWIRA,792
046/17/08,046,BATU KAWAN,17,BUKIT TENGAH,08,TAMAN SEJATI,1643
046/17/09,046,BATU KAWAN,17,BUKIT TENGAH,09,TAMAN SENTUL JAYA,2279
046/18/01,046,BATU KAWAN,18,BUKIT TAMBUN,01,PULAU AMAN,194
046/18/02,046,BATU KAWAN,18,BUKIT TAMBUN,02,BATU KAWAN,1679
046/18/03,046,BATU KAWAN,18,BUKIT TAMBUN,03,BUKIT TAMBUN,2811
046/18/04,046,BATU KAWAN,18,BUKIT TAMBUN,04,TAMAN MERAK,5254
046/18/05,046,BATU KAWAN,18,BUKIT TAMBUN,05,KAMPONG BAHARU,4479
046/18/06,046,BATU KAWAN,18,BUKIT TAMBUN,06,LADANG VALDOR,809
046/18/07,046,BATU KAWAN,18,BUKIT TAMBUN,07,PERKAMPUNGAN VALDOR,2615
046/18/08,046,BATU KAWAN,18,BUKIT TAMBUN,08,BADAK MATI,3597
046/18/09,046,BATU KAWAN,18,BUKIT TAMBUN,09,RUMAH MURAH VALDOR,1896
047/19/01,047,NIBONG TEBAL,19,JAWI,01,CHANGKAT,2633
047/19/02,047,NIBONG TEBAL,19,JAWI,02,PERKAMPUNGAN JAWI,2315
047/19/03,047,NIBONG TEBAL,19,JAWI,03,TAMAN DESA JAWI,4063
047/19/04,047,NIBONG TEBAL,19,JAWI,04,LADANG CALEDONIA,4275
047/19/05,047,NIBONG TEBAL,19,JAWI,05,LADANG BYRAM,732
047/19/06,047,NIBONG TEBAL,19,JAWI,06,LADANG VICTORIA,1206
047/19/07,047,NIBONG TEBAL,19,JAWI,07,TAMAN SENTOSA,2996
047/19/08,047,NIBONG TEBAL,19,JAWI,08,NIBONG TEBAL,1394
047/19/09,047,NIBONG TEBAL,19,JAWI,09,JALAN BUKIT PANCHOR,1122
047/19/10,047,NIBONG TEBAL,19,JAWI,10,TAMAN HELANG JAYA,4537
047/20/01,047,NIBONG TEBAL,20,SUNGAI BAKAP,01,PADANG LALANG,2465
047/20/02,047,NIBONG TEBAL,20,SUNGAI BAKAP,02,PUTERI GUNONG,5804
047/20/03,047,NIBONG TEBAL,20,SUNGAI BAKAP,03,TASEK JUNJONG,1637
047/20/04,047,NIBONG TEBAL,20,SUNGAI BAKAP,04,SUNGAI DURI,2498
047/20/05,047,NIBONG TEBAL,20,SUNGAI BAKAP,05,SUNGAI BAKAP,4694
047/20/06,047,NIBONG TEBAL,20,SUNGAI BAKAP,06,LADANG SEMPAH,498
047/20/07,047,NIBONG TEBAL,20,SUNGAI BAKAP,07,SUNGAI KECHIL,1484
047/20/08,047,NIBONG TEBAL,20,SUNGAI BAKAP,08,KAMPUNG BESAR,1059
047/21/01,047,NIBONG TEBAL,21,SUNGAI ACHEH,01,SUNGAI UDANG,2268
047/21/02,047,NIBONG TEBAL,21,SUNGAI ACHEH,02,SUNGAI SETAR,1414
047/21/03,047,NIBONG TEBAL,21,SUNGAI ACHEH,03,SUNGAI ACHEH,3039
047/21/04,047,NIBONG TEBAL,21,SUNGAI ACHEH,04,SUNGAI BAKAU,1436
047/21/05,047,NIBONG TEBAL,21,SUNGAI ACHEH,05,TANJONG BEREMBANG,987
047/21/06,047,NIBONG TEBAL,21,SUNGAI ACHEH,06,PERMATANG TO`MAHAT,4469
047/21/07,047,NIBONG TEBAL,21,SUNGAI ACHEH,07,TAMAN TRANSKRIAN,2588
048/22/01,048,BUKIT BENDERA,22,TANJONG BUNGA,01,BATU FERINGGI,3855
048/22/02,048,BUKIT BENDERA,22,TANJONG BUNGA,02,JALAN VALE OF TEMPE,2659
048/22/03,048,BUKIT BENDERA,22,TANJONG BUNGA,03,KAMPONG TANJONG BUNGA,2506
048/22/04,048,BUKIT BENDERA,22,TANJONG BUNGA,04,SEAVIEW PARK,4095
048/22/05,048,BUKIT BENDERA,22,TANJONG BUNGA,05,JALAN GAJAH,2185
048/22/06,048,BUKIT BENDERA,22,TANJONG BUNGA,06,TANJONG TOKONG,3593
048/22/07,048,BUKIT BENDERA,22,TANJONG BUNGA,07,SUNGAI KELIAN,1233
048/23/01,048,BUKIT BENDERA,23,AIR PUTIH,01,BUKIT BENDERA,309
048/23/02,048,BUKIT BENDERA,23,AIR PUTIH,02,STESYEN BAWAH,271
048/23/03,048,BUKIT BENDERA,23,AIR PUTIH,03,JALAN LINTANG,2129
048/23/04,048,BUKIT BENDERA,23,AIR PUTIH,04,HYE KEAT ESTATE,2814
048/23/05,048,BUKIT BENDERA,23,AIR PUTIH,05,RESERVOIR GARDENS,2690
048/23/06,048,BUKIT BENDERA,23,AIR PUTIH,06,RACE COURSE,2429
048/23/07,048,BUKIT BENDERA,23,AIR PUTIH,07,TAMAN SEMPADAN,2110
048/24/01,048,BUKIT BENDERA,24,KEBUN BUNGA,01,FETTES PARK,3461
048/24/02,048,BUKIT BENDERA,24,KEBUN BUNGA,02,LADANG HONG SENG,3005
048/24/03,048,BUKIT BENDERA,24,KEBUN BUNGA,03,TAMAN BUNGA,2250
048/24/04,048,BUKIT BENDERA,24,KEBUN BUNGA,04,QUARRY DRIVE,889
048/24/05,048,BUKIT BENDERA,24,KEBUN BUNGA,05,JALAN BATU GANTONG,2824
048/24/06,048,BUKIT BENDERA,24,KEBUN BUNGA,06,RUMAH PANGSA,2888
048/24/07,048,BUKIT BENDERA,24,KEBUN BUNGA,07,RIFLE RANGE ROAD,3054
048/24/08,048,BUKIT BENDERA,24,KEBUN BUNGA,08,RIFLE RANGE,2693
048/25/01,048,BUKIT BENDERA,25,PULAU TIKUS,01,PANTAI MOLEK,1992
048/25/02,048,BUKIT BENDERA,25,PULAU TIKUS,02,JALAN PUNCHAK ERSKINE,2729
048/25/03,048,BUKIT BENDERA,25,PULAU TIKUS,03,TAMAN GOTTLIEB,799
048/25/04,048,BUKIT BENDERA,25,PULAU TIKUS,04,COLLEGE AVENUE,2790
048/25/05,048,BUKIT BENDERA,25,PULAU TIKUS,05,BANGKOK LANE,2833
048/25/06,048,BUKIT BENDERA,25,PULAU TIKUS,06,PEEL AVENUE,2364
048/25/07,048,BUKIT BENDERA,25,PULAU TIKUS,07,AYER RAJAH,2312
048/25/08,048,BUKIT BENDERA,25,PULAU TIKUS,08,BARRACK ROAD,2006
049/26/01,049,TANJONG,26,PADANG KOTA,01,NORTHAM ROAD,1417
049/26/02,049,TANJONG,26,PADANG KOTA,02,PYKETT AVENUE,1246
049/26/03,049,TANJONG,26,PADANG KOTA,03,RANGOON ROAD,1335
049/26/04,049,TANJONG,26,PADANG KOTA,04,NAGORE ROAD,2105
049/26/05,049,TANJONG,26,PADANG KOTA,05,WELLESLEY SCHOOL,1165
049/26/06,049,TANJONG,26,PADANG KOTA,06,FARQUHAR STREET,703
049/26/07,049,TANJONG,26,PADANG KOTA,07,LORONG ARGUS,563
049/26/08,049,TANJONG,26,PADANG KOTA,08,MUNTRI STREET,713
049/26/09,049,TANJONG,26,PADANG KOTA,09,KAMPONG MALABAR,912
049/26/10,049,TANJONG,26,PADANG KOTA,10,LORONG SECK CHUAN,870
049/26/11,049,TANJONG,26,PADANG KOTA,11,LORONG PASAR,1000
049/26/12,049,TANJONG,26,PADANG KOTA,12,ESPLANADE,1283
049/26/13,049,TANJONG,26,PADANG KOTA,13,LEBOH PASAR,1013
049/26/14,049,TANJONG,26,PADANG KOTA,14,LEBOH AH QUEE,528
049/27/01,049,TANJONG,27,PENGKALAN KOTA,01,LEBOH PRESGRAVE,1194
049/27/02,049,TANJONG,27,PENGKALAN KOTA,02,JALAN MAGAZINE,1509
049/27/03,049,TANJONG,27,PENGKALAN KOTA,03,JALAN PRANGIN,954
049/27/04,049,TANJONG,27,PENGKALAN KOTA,04,LEBOH VICTORIA,1330
049/27/05,049,TANJONG,27,PENGKALAN KOTA,05,PENGKALAN WELD,7096
049/27/06,049,TANJONG,27,PENGKALAN KOTA,06,GAT LEBOH NOORDIN,2125
049/27/07,049,TANJONG,27,PENGKALAN KOTA,07,JALAN C.Y.CHOY,2564
049/27/08,049,TANJONG,27,PENGKALAN KOTA,08,MACALLUM STREET,1241
049/27/09,049,TANJONG,27,PENGKALAN KOTA,09,LEBOH CECIL,1914
049/28/01,049,TANJONG,28,KOMTAR,01,DICKENS STREET,1642
049/28/02,049,TANJONG,28,KOMTAR,02,LEBOH CINTRA,1075
049/28/03,049,TANJONG,28,KOMTAR,03,KAMPONG KOLAM,906
049/28/04,049,TANJONG,28,KOMTAR,04,LEBOH ACHEH,1156
049/28/05,049,TANJONG,28,KOMTAR,05,LEBOH MELAYU,1022
049/28/06,049,TANJONG,28,KOMTAR,06,HONG KONG STREET,903
049/28/07,049,TANJONG,28,KOMTAR,07,KOMTAR,189
049/28/08,049,TANJONG,28,KOMTAR,08,MADRAS LANE,1441
049/28/09,049,TANJONG,28,KOMTAR,09,JALAN TIMAH,819
049/28/10,049,TANJONG,28,KOMTAR,10,JALAN LINES,1349
049/28/11,049,TANJONG,28,KOMTAR,11,JALAN DATO` KERAMAT,1044
049/28/12,049,TANJONG,28,KOMTAR,12,IRVING ROAD,1227
049/28/13,049,TANJONG,28,KOMTAR,13,JALAN PAHANG,1523
049/28/14,049,TANJONG,28,KOMTAR,14,JALAN KIM BIAN AIK,1248
050/29/01,050,JELUTONG,29,DATOK KERAMAT,01,JALAN YORK,1803
050/29/02,050,JELUTONG,29,DATOK KERAMAT,02,SEKOLAH FREE,1891
050/29/03,050,JELUTONG,29,DATOK KERAMAT,03,TAMAN SEKOLAH FREE,3685
050/29/04,050,JELUTONG,29,DATOK KERAMAT,04,TAMAN ABIDIN,1900
050/29/05,050,JELUTONG,29,DATOK KERAMAT,05,JALAN PERAK,3805
050/29/06,050,JELUTONG,29,DATOK KERAMAT,06,CAUNTER HALL,2281
050/29/07,050,JELUTONG,29,DATOK KERAMAT,07,CITY STADIUM,2388
050/29/08,050,JELUTONG,29,DATOK KERAMAT,08,KAMPONG MAKAM,2778
050/29/09,050,JELUTONG,29,DATOK KERAMAT,09,JALAN KAJANG,1503
050/30/01,050,JELUTONG,30,SUNGAI PINANG,01,SUNGAI PINANG ROAD,3504
050/30/02,050,JELUTONG,30,SUNGAI PINANG,02,CITY INFIRMARY,1630
050/30/03,050,JELUTONG,30,SUNGAI PINANG,03,JALAN TRUSAN,1694
050/30/04,050,JELUTONG,30,SUNGAI PINANG,04,WEST JELUTONG,3606
050/30/05,050,JELUTONG,30,SUNGAI PINANG,05,BAKAU STREET,4316
050/30/06,050,JELUTONG,30,SUNGAI PINANG,06,EAST JELUTONG,3682
050/30/07,050,JELUTONG,30,SUNGAI PINANG,07,JALAN MADRASAH,2596
050/30/08,050,JELUTONG,30,SUNGAI PINANG,08,BUKIT DUMBAR,3452
050/31/01,050,JELUTONG,31,BATU LANCANG,01,LILITAN HARGREAVES,1066
050/31/02,050,JELUTONG,31,BATU LANCANG,02,CHEMOR LANE,3728
050/31/03,050,JELUTONG,31,BATU LANCANG,03,LORONG PARIT BUNTAR,3796
050/31/04,050,JELUTONG,31,BATU LANCANG,04,JELUTONG ROAD,2381
050/31/05,050,JELUTONG,31,BATU LANCANG,05,PANCHOR ROAD,2302
050/31/06,050,JELUTONG,31,BATU LANCANG,06,BATU LANCHANG,2576
050/31/07,050,JELUTONG,31,BATU LANCANG,07,SOLOK BATU LANCHANG,2737
050/31/08,050,JELUTONG,31,BATU LANCANG,08,JALAN PENAGA,2201
050/31/09,050,JELUTONG,31,BATU LANCANG,09,TINGKAT JELUTONG,2589
050/31/10,050,JELUTONG,31,BATU LANCANG,10,DESA GREEN,2882
051/32/01,051,BUKIT GELUGOR,32,SERI DELIMA,01,KAMPONG HIJAU,3336
051/32/02,051,BUKIT GELUGOR,32,SERI DELIMA,02,ISLAND PARK,4118
051/32/03,051,BUKIT GELUGOR,32,SERI DELIMA,03,LINTANG DELIMA,4617
051/32/04,051,BUKIT GELUGOR,32,SERI DELIMA,04,LORONG DELIMA,2409
051/32/05,051,BUKIT GELUGOR,32,SERI DELIMA,05,BUKIT GELUGOR,3294
051/32/06,051,BUKIT GELUGOR,32,SERI DELIMA,06,TAMAN TUN SARDON,3551
051/32/07,051,BUKIT GELUGOR,32,SERI DELIMA,07,SUNGAI GELUGOR,2824
051/33/01,051,BUKIT GELUGOR,33,AIR ITAM,01,AYER ITAM,2362
051/33/02,051,BUKIT GELUGOR,33,AIR ITAM,02,HAPPY VALLEY,2112
051/33/03,051,BUKIT GELUGOR,33,AIR ITAM,03,JALAN KAMPONG PISANG,1707
051/33/04,051,BUKIT GELUGOR,33,AIR ITAM,04,KAMPONG MELAYU,3133
051/33/05,051,BUKIT GELUGOR,33,AIR ITAM,05,JALAN CHOR SIN KHENG,2178
051/33/06,051,BUKIT GELUGOR,33,AIR ITAM,06,THEAN TEIK,3375
051/33/07,051,BUKIT GELUGOR,33,AIR ITAM,07,ZOO ROAD,1292
051/33/08,051,BUKIT GELUGOR,33,AIR ITAM,08,JALAN SHAIK MADAR,1449
051/33/09,051,BUKIT GELUGOR,33,AIR ITAM,09,CHEESEMAN ROAD,1291
051/34/01,051,BUKIT GELUGOR,34,PAYA TERUBONG,01,PAYA TERUBONG MUKIM 14,1750
051/34/02,051,BUKIT GELUGOR,34,PAYA TERUBONG,02,SUNGAI DONDANG,8573
051/34/03,051,BUKIT GELUGOR,34,PAYA TERUBONG,03,PAYA TERUBONG MUKIM 13,6411
051/34/04,051,BUKIT GELUGOR,34,PAYA TERUBONG,04,TAMAN PAYA TERUBONG,2204
051/34/05,051,BUKIT GELUGOR,34,PAYA TERUBONG,05,RELAU,6486
051/34/06,051,BUKIT GELUGOR,34,PAYA TERUBONG,06,DESA BAIDURI,3712
051/34/07,051,BUKIT GELUGOR,34,PAYA TERUBONG,07,DESA INTAN,1716
051/34/08,051,BUKIT GELUGOR,34,PAYA TERUBONG,08,SEMARAK API 1,3030
051/34/09,051,BUKIT GELUGOR,34,PAYA TERUBONG,09,JLN SEMARAK API,2325
051/34/10,051,BUKIT GELUGOR,34,PAYA TERUBONG,10,BUKIT AWANA,1825
051/34/11,051,BUKIT GELUGOR,34,PAYA TERUBONG,11,TERUBONG JAYA,3675
052/35/01,052,BAYAN BARU,35,BATU UBAN,01,MINDEN HEIGHTS,3488
052/35/02,052,BAYAN BARU,35,BATU UBAN,02,UNIVERSITI SAINS,210
052/35/03,052,BAYAN BARU,35,BATU UBAN,03,BATU UBAN,4692
052/35/04,052,BAYAN BARU,35,BATU UBAN,04,SUNGAI DUA,2615
052/35/05,052,BAYAN BARU,35,BATU UBAN,05,BUKIT JAMBOL,3512
052/35/06,052,BAYAN BARU,35,BATU UBAN,06,BUKIT GAMBIR,2397
052/35/07,052,BAYAN BARU,35,BATU UBAN,07,TAMAN JUBILEE,7370
052/35/08,052,BAYAN BARU,35,BATU UBAN,08,TAMAN PEKAKA,5257
052/36/01,052,BAYAN BARU,36,PANTAI JEREJAK,01,PANTAI JEREJAK,4046
052/36/02,052,BAYAN BARU,36,PANTAI JEREJAK,02,TAMAN SERI NIBONG,4671
052/36/03,052,BAYAN BARU,36,PANTAI JEREJAK,03,PINTASAN BAHAGIA,2110
052/36/04,052,BAYAN BARU,36,PANTAI JEREJAK,04,JALAN MAHSURI,2921
052/36/05,052,BAYAN BARU,36,PANTAI JEREJAK,05,BANDAR BAYAN BARU,3151
052/36/06,052,BAYAN BARU,36,PANTAI JEREJAK,06,JALAN TENGAH,1568
052/36/07,052,BAYAN BARU,36,PANTAI JEREJAK,07,LEBUH MAHSURI,3854
052/37/01,052,BAYAN BARU,37,BATU MAUNG,01,KAMPONG SUNGAI ARA,3842
052/37/02,052,BAYAN BARU,37,BATU MAUNG,02,TAMAN DESA ARA,5450
052/37/03,052,BAYAN BARU,37,BATU MAUNG,03,SUNGAI TIRAM,1773
052/37/04,052,BAYAN BARU,37,BATU MAUNG,04,SUNGAI KLUANG,1356
052/37/05,052,BAYAN BARU,37,BATU MAUNG,05,KAMPONG NARAN,1651
052/37/06,052,BAYAN BARU,37,BATU MAUNG,06,PERMATANG DAMAR LAUT,4679
052/37/07,052,BAYAN BARU,37,BATU MAUNG,07,BATU MAUNG,4170
052/37/08,052,BAYAN BARU,37,BATU MAUNG,08,TAMAN SRI BAYAN,2219
052/37/09,052,BAYAN BARU,37,BATU MAUNG,09,TAMAN BUKIT GEDUNG,4728
052/37/10,052,BAYAN BARU,37,BATU MAUNG,10,TELUK TEMPOYAK,1182
053/38/01,053,BALIK PULAU,38,BAYAN LEPAS,01,TAMAN SUNGAI ARA,3866
053/38/02,053,BALIK PULAU,38,BAYAN LEPAS,02,BAYAN LEPAS,4634
053/38/03,053,BALIK PULAU,38,BAYAN LEPAS,03,KAMPONG SERONOK,3323
053/38/04,053,BALIK PULAU,38,BAYAN LEPAS,04,SUNGAI BATU,2124
053/38/05,053,BALIK PULAU,38,BAYAN LEPAS,05,TELOK KUMBAR,4049
053/38/06,053,BALIK PULAU,38,BAYAN LEPAS,06,PASIR BELANDA,1555
053/38/07,053,BALIK PULAU,38,BAYAN LEPAS,07,GERTAK SANGGUL,952
053/38/08,053,BALIK PULAU,38,BAYAN LEPAS,08,KAMPUNG MASJID,2219
053/39/01,053,BALIK PULAU,39,PULAU BETONG,01,SUNGAI KONGSI,2647
053/39/02,053,BALIK PULAU,39,PULAU BETONG,02,PONDOK UPEH,1937
053/39/03,053,BALIK PULAU,39,PULAU BETONG,03,BALIK PULAU,2084
053/39/04,053,BALIK PULAU,39,PULAU BETONG,04,TITI TRAS,2093
053/39/05,053,BALIK PULAU,39,PULAU BETONG,05,SUNGAI BURONG,1638
053/39/06,053,BALIK PULAU,39,PULAU BETONG,06,GINTING,2717
053/39/07,053,BALIK PULAU,39,PULAU BETONG,07,PULAU BETONG,2479
053/40/01,053,BALIK PULAU,40,TELOK BAHANG,01,TELOK AWAK,779
053/40/02,053,BALIK PULAU,40,TELOK BAHANG,02,TELOK BAHANG,3782
053/40/03,053,BALIK PULAU,40,TELOK BAHANG,03,SUNGAI PINANG,2343
053/40/04,053,BALIK PULAU,40,TELOK BAHANG,04,PANTAI ACHEH,648
053/40/05,053,BALIK PULAU,40,TELOK BAHANG,05,KUALA SUNGAI PINANG,1811
053/40/06,053,BALIK PULAU,40,TELOK BAHANG,06,SUNGAI RUSA,1943
053/40/07,053,BALIK PULAU,40,TELOK BAHANG,07,JALAN BAHRU,1989